,name,count,membership,bin
0,Malu Leicher,0,non_member,"[0, 25)"
1,Karolina Lodyga,0,non_member,"[0, 25)"
2,Harriet Herbig-Matten,0,non_member,"[0, 25)"
3,Robert Finster,0,non_member,"[0, 25)"
4,David Schütter,0,non_member,"[0, 25)"
5,Bernhard Hoëcker,0,non_member,"[0, 25)"
6,Adrianne León,0,non_member,"[0, 25)"
7,Ludmilla Makowski,0,non_member,"[0, 25)"
8,Joanna García,1,member,"[0, 25)"
9,Sabine Vitua,1,member,"[0, 25)"
10,Jenilee Harrison,1,member,"[0, 25)"
11,Guido Cantz,2,member,"[0, 25)"
12,Bettina Lamprecht,2,member,"[0, 25)"
13,Taylor Atelian,2,member,"[0, 25)"
14,Jörg Pilawa,2,member,"[0, 25)"
15,Mackenzie Aladjem,4,member,"[0, 25)"
16,Johannes B. Kerner,4,member,"[0, 25)"
17,Max Giermann,4,member,"[0, 25)"
18,Erin Chambers,6,member,"[0, 25)"
19,Staci Keanan,6,member,"[0, 25)"
20,Kai Pflaume,7,member,"[0, 25)"
21,Freddy Rodríguez,7,member,"[0, 25)"
22,Christina Bennett Lind,10,member,"[0, 25)"
23,Annette Frier,10,member,"[0, 25)"
24,Jessica Leccia,11,member,"[0, 25)"
25,Valerie Cruz,11,member,"[0, 25)"
26,Lourdes Benedicto,14,member,"[0, 25)"
27,Shannon Kane,14,member,"[0, 25)"
28,Andrea Bogart,15,member,"[0, 25)"
29,Florencia Lozano,19,member,"[0, 25)"
30,Kimberly Matula,24,member,"[0, 25)"
31,Ilene Kristen,25,member,"[25, 50)"
32,Natalia Livingston,27,member,"[25, 50)"
33,Lexi Ainsworth,29,member,"[25, 50)"
34,Molly Burnett,31,member,"[25, 50)"
35,Carla Gallo,32,member,"[25, 50)"
36,Julie Marie Berman,32,member,"[25, 50)"
37,Olivia d'Abo,34,member,"[25, 50)"
38,Jonathan Sadowski,34,member,"[25, 50)"
39,Wanda De Jesus,34,member,"[25, 50)"
40,Michael Kessler,36,member,"[25, 50)"
41,Carolin Kebekus,36,member,"[25, 50)"
42,Patricia Kalember,37,member,"[25, 50)"
43,Veronica Hamel,37,member,"[25, 50)"
44,Jodi Long,38,member,"[25, 50)"
45,Crystal Chappell,38,member,"[25, 50)"
46,Audrey Landers,38,member,"[25, 50)"
47,Nicole de Boer,40,member,"[25, 50)"
48,T.J. Thyne,41,member,"[25, 50)"
49,Natalie Hall,41,member,"[25, 50)"
50,Michael Landes,42,member,"[25, 50)"
51,Bobbie Eakes,46,member,"[25, 50)"
52,Judi Evans,51,member,"[50, 75)"
53,Brooke Langton,57,member,"[50, 75)"
54,Lisa LoCicero,57,member,"[50, 75)"
55,Mary Crosby,58,member,"[50, 75)"
56,Chase Masterson,59,member,"[50, 75)"
57,Erin Cummings,61,member,"[50, 75)"
58,Jake Weber,62,member,"[50, 75)"
59,Arnold Vosloo,64,member,"[50, 75)"
60,Peggy McCay,65,member,"[50, 75)"
61,Crystal Bernard,67,member,"[50, 75)"
62,Barbara Schöneberger,68,member,"[50, 75)"
63,Melissa Archer,69,member,"[50, 75)"
64,Shelley Hack,69,member,"[50, 75)"
65,Jill Eikenberry,72,member,"[50, 75)"
66,Kimberlin Brown,73,member,"[50, 75)"
67,Jackee Harry,77,member,"[75, 100)"
68,Lecy Goranson,77,member,"[75, 100)"
69,Kristen Alderson,78,member,"[75, 100)"
70,Tracey Gold,78,member,"[75, 100)"
71,Rebecca Herbst,84,member,"[75, 100)"
72,Joanna Kerns,85,member,"[75, 100)"
73,Joyce DeWitt,88,member,"[75, 100)"
74,Jamie Luner,90,member,"[75, 100)"
75,Lesley-Anne Down,90,member,"[75, 100)"
76,Adrienne Frantz,90,member,"[75, 100)"
77,Kimberly McCullough,94,member,"[75, 100)"
78,Farah Fath,95,member,"[75, 100)"
79,Pamela Sue Martin,96,member,"[75, 100)"
80,Ellen Greene,98,member,"[75, 100)"
81,Lindsay Hartley,98,member,"[75, 100)"
82,Amanda Bearse,100,member,"[100, 125)"
83,Tempestt Bledsoe,102,member,"[100, 125)"
84,Alley Mills,104,member,"[100, 125)"
85,Jennifer Gareis,107,member,"[100, 125)"
86,Elizabeth Hendrickson,111,member,"[100, 125)"
87,Tracey E. Bregman,111,member,"[100, 125)"
88,Kristy McNichol,112,member,"[100, 125)"
89,Lauren Koslow,113,member,"[100, 125)"
90,Josie Bissett,114,member,"[100, 125)"
91,Laura Innes,115,member,"[100, 125)"
92,Barbara Carrera,117,member,"[100, 125)"
93,Brianna Brown,119,member,"[100, 125)"
94,Caroline Dhavernas,122,member,"[100, 125)"
95,Angell Conwell,126,member,"[125, 150)"
96,Katherine Helmond,127,member,"[125, 150)"
97,Alice Krige,129,member,"[125, 150)"
98,Didi Conn,129,member,"[125, 150)"
99,Cathy Lee Crosby,130,member,"[125, 150)"
100,Susan Dey,132,member,"[125, 150)"
101,Peri Gilpin,133,member,"[125, 150)"
102,Tamara Braun,134,member,"[125, 150)"
103,Kathy Baker,137,member,"[125, 150)"
104,Aisha Hinds,140,member,"[125, 150)"
105,Christel Khalil,142,member,"[125, 150)"
106,Susan Flannery,143,member,"[125, 150)"
107,Kim Delaney,144,member,"[125, 150)"
108,Bernard Hill,147,member,"[125, 150)"
109,Justine Bateman,151,member,"[150, 200)"
110,Denise Crosby,157,member,"[150, 200)"
111,Rebecca Budig,161,member,"[150, 200)"
112,Andrea Anders,164,member,"[150, 200)"
113,Ciara Bravo,167,member,"[150, 200)"
114,Jim Beaver,169,member,"[150, 200)"
115,Kathryn Joosten,172,member,"[150, 200)"
116,Kerr Smith,172,member,"[150, 200)"
117,Lauralee Bell,174,member,"[150, 200)"
118,Gates McFadden,178,member,"[150, 200)"
119,Kellie Martin,180,member,"[150, 200)"
120,Amy Davidson,188,member,"[150, 200)"
121,Kassie DePaiva,190,member,"[150, 200)"
122,Jane Curtin,191,member,"[150, 200)"
123,Martin Henderson,192,member,"[150, 200)"
124,S. Epatha Merkerson,193,member,"[150, 200)"
125,Mary Beth Evans,194,member,"[150, 200)"
126,Bonnie Franklin,200,member,"[200, 225)"
127,Nancy Lee Grahn,201,member,"[200, 225)"
128,Dina Meyer,202,member,"[200, 225)"
129,Gabrielle Carteris,205,member,"[200, 225)"
130,Edi Gathegi,206,member,"[200, 225)"
131,Matt Long,209,member,"[200, 225)"
132,Christine Lakin,210,member,"[200, 225)"
133,Swoosie Kurtz,212,member,"[200, 225)"
134,David Wenham,215,member,"[200, 225)"
135,Tamala Jones,216,member,"[200, 225)"
136,Anthony Stewart Head,216,member,"[200, 225)"
137,Omid Djalili,222,member,"[200, 225)"
138,Kristian Alfonso,223,member,"[200, 225)"
139,Ian Holm,225,member,"[225, 250)"
140,Dan Lauria,226,member,"[225, 250)"
141,Sherilyn Fenn,228,member,"[225, 250)"
142,Gary Dourdan,228,member,"[225, 250)"
143,Nicole Eggert,232,member,"[225, 250)"
144,Peggy Lipton,240,member,"[225, 250)"
145,Portia Doubleday,242,member,"[225, 250)"
146,Christa Miller,246,member,"[225, 250)"
147,Drea de Matteo,249,member,"[225, 250)"
148,Yasmine Bleeth,250,member,"[250, 275)"
149,Laura Leighton,252,member,"[250, 275)"
150,Terry Farrell,253,member,"[250, 275)"
151,James Frain,257,member,"[250, 275)"
152,Delta Burke,257,member,"[250, 275)"
153,Faith Ford,258,member,"[250, 275)"
154,Sharon Gless,258,member,"[250, 275)"
155,Jasmine Guy,259,member,"[250, 275)"
156,Melissa Claire Egan,261,member,"[250, 275)"
157,Jill Hennessy,265,member,"[250, 275)"
158,Kim Fields,265,member,"[250, 275)"
159,Lorraine Bracco,267,member,"[250, 275)"
160,Annie Ilonzeh,268,member,"[250, 275)"
161,Andrea Bowen,275,member,"[275, 300)"
162,Melissa Fumero,280,member,"[275, 300)"
163,Vanessa Marcil,286,member,"[275, 300)"
164,Shelley Long,286,member,"[275, 300)"
165,Carolyn Hennesy,289,member,"[275, 300)"
166,Hector Elizondo,290,member,"[275, 300)"
167,Jason Behr,292,member,"[275, 300)"
168,Hal Holbrook,293,member,"[275, 300)"
169,Melina Kanakaredes,293,member,"[275, 300)"
170,Ashley Johnson,294,member,"[275, 300)"
171,Lara Flynn Boyle,299,member,"[275, 300)"
172,Scott Patterson,299,member,"[275, 300)"
173,Chris Kattan,302,member,"[300, 1000000)"
174,Loni Anderson,309,member,"[300, 1000000)"
175,Kate Linder,311,member,"[300, 1000000)"
176,Ashley Jones,314,member,"[300, 1000000)"
177,Michael Vartan,323,member,"[300, 1000000)"
178,Richard Schiff,324,member,"[300, 1000000)"
179,Oliver Platt,333,member,"[300, 1000000)"
180,Rue McClanahan,335,member,"[300, 1000000)"
181,Desmond Harrington,336,member,"[300, 1000000)"
182,Shelley Hennig,340,member,"[300, 1000000)"
183,Matt Czuchry,341,member,"[300, 1000000)"
184,Chazz Palminteri,342,member,"[300, 1000000)"
185,Eileen Davidson,342,member,"[300, 1000000)"
186,Natalie Martinez,344,member,"[300, 1000000)"
187,Matthew Lillard,347,member,"[300, 1000000)"
188,Linda Evans,349,member,"[300, 1000000)"
189,Amaury Nolasco,354,member,"[300, 1000000)"
190,Nadia Bjorlin,361,member,"[300, 1000000)"
191,Neal McDonough,370,member,"[300, 1000000)"
192,Bruce Greenwood,374,member,"[300, 1000000)"
193,Adrienne Barbeau,382,member,"[300, 1000000)"
194,Ken Watanabe,382,member,"[300, 1000000)"
195,Billy Boyd,393,member,"[300, 1000000)"
196,Ray Stevenson,397,member,"[300, 1000000)"
197,Adam McKay,400,member,"[300, 1000000)"
198,Patrick Warburton,407,member,"[300, 1000000)"
199,Kristen Johnston,412,member,"[300, 1000000)"
200,Jolene Blalock,424,member,"[300, 1000000)"
201,Chyler Leigh,430,member,"[300, 1000000)"
202,Joe Pantoliano,431,member,"[300, 1000000)"
203,Wendie Malick,438,member,"[300, 1000000)"
204,Andy Richter,441,member,"[300, 1000000)"
205,Jessica Capshaw,446,member,"[300, 1000000)"
206,Richard E. Grant,452,member,"[300, 1000000)"
207,Jeremy Sisto,455,member,"[300, 1000000)"
208,Sharon Case,456,member,"[300, 1000000)"
209,Ioan Gruffudd,462,member,"[300, 1000000)"
210,Jane Leeves,463,member,"[300, 1000000)"
211,Debi Mazar,465,member,"[300, 1000000)"
212,Eliza Coupe,469,member,"[300, 1000000)"
213,Leslie Nielsen,470,member,"[300, 1000000)"
214,Rachel Dratch,481,member,"[300, 1000000)"
215,James Remar,483,member,"[300, 1000000)"
216,Jeanne Cooper,485,member,"[300, 1000000)"
217,Sarah Chalke,501,member,"[300, 1000000)"
218,Marilu Henner,508,member,"[300, 1000000)"
219,Tina Louise,516,member,"[300, 1000000)"
220,Robert Knepper,518,member,"[300, 1000000)"
221,Cheryl Ladd,521,member,"[300, 1000000)"
222,Giovanni Ribisi,527,member,"[300, 1000000)"
223,Carey Lowell,532,member,"[300, 1000000)"
224,Chris Klein,544,member,"[300, 1000000)"
225,Mariel Hemingway,546,member,"[300, 1000000)"
226,Tatyana Ali,549,member,"[300, 1000000)"
227,Brad Garrett,550,member,"[300, 1000000)"
228,Lauren Holly,551,member,"[300, 1000000)"
229,Katherine Kelly Lang,558,member,"[300, 1000000)"
230,Alexander Skarsgård,559,member,"[300, 1000000)"
231,Tyne Daly,565,member,"[300, 1000000)"
232,Dean Cain,584,member,"[300, 1000000)"
233,Rachel Griffiths,591,member,"[300, 1000000)"
234,Rupert Friend,603,member,"[300, 1000000)"
235,Cam Gigandet,612,member,"[300, 1000000)"
236,Robert Patrick,616,member,"[300, 1000000)"
237,Kevin McKidd,627,member,"[300, 1000000)"
238,Diahann Carroll,632,member,"[300, 1000000)"
239,Alfred Molina,634,member,"[300, 1000000)"
240,Ben McKenzie,654,member,"[300, 1000000)"
241,Rob Schneider,660,member,"[300, 1000000)"
242,Laurie Metcalf,667,member,"[300, 1000000)"
243,Cary Elwes,670,member,"[300, 1000000)"
244,Sarah Drew,671,member,"[300, 1000000)"
245,Danny Masterson,681,member,"[300, 1000000)"
246,Hank Azaria,717,member,"[300, 1000000)"
247,Katrina Bowden,721,member,"[300, 1000000)"
248,Danica McKellar,737,member,"[300, 1000000)"
249,Billy Burke,738,member,"[300, 1000000)"
250,Sasha Alexander,742,member,"[300, 1000000)"
251,Jim Caviezel,744,member,"[300, 1000000)"
252,Gabriel Macht,749,member,"[300, 1000000)"
253,Jean Reno,770,member,"[300, 1000000)"
254,Candice Bergen,780,member,"[300, 1000000)"
255,Dermot Mulroney,784,member,"[300, 1000000)"
256,Roma Downey,786,member,"[300, 1000000)"
257,Tia Carrere,787,member,"[300, 1000000)"
258,Victor Garber,804,member,"[300, 1000000)"
259,Charlie Day,808,member,"[300, 1000000)"
260,Shirley Jones,809,member,"[300, 1000000)"
261,Jay Baruchel,813,member,"[300, 1000000)"
262,Colin Hanks,819,member,"[300, 1000000)"
263,Freddie Prinze Jr,833,member,"[300, 1000000)"
264,Kal Penn,839,member,"[300, 1000000)"
265,Frances Fisher,843,member,"[300, 1000000)"
266,Jennette McCurdy,846,member,"[300, 1000000)"
267,James Brolin,856,member,"[300, 1000000)"
268,Gene Hackman,866,member,"[300, 1000000)"
269,John Noble,872,member,"[300, 1000000)"
270,Luke Wilson,877,member,"[300, 1000000)"
271,Bernie Mac,884,member,"[300, 1000000)"
272,Kevin Connolly,886,member,"[300, 1000000)"
273,Chris Noth,886,member,"[300, 1000000)"
274,Cheryl Hines,894,member,"[300, 1000000)"
275,Linda Gray,906,member,"[300, 1000000)"
276,Dominic Monaghan,910,member,"[300, 1000000)"
277,Melissa Gilbert,921,member,"[300, 1000000)"
278,Misha Collins,924,member,"[300, 1000000)"
279,Elizabeth Berkley,935,member,"[300, 1000000)"
280,Alan Arkin,941,member,"[300, 1000000)"
281,Sara Gilbert,948,member,"[300, 1000000)"
282,Billy Zane,955,member,"[300, 1000000)"
283,Alan Alda,962,member,"[300, 1000000)"
284,Dana Delany,970,member,"[300, 1000000)"
285,Valerie Bertinelli,1017,member,"[300, 1000000)"
286,Brendan Fraser,1020,member,"[300, 1000000)"
287,Nick Frost,1020,member,"[300, 1000000)"
288,Holly Marie Combs,1024,member,"[300, 1000000)"
289,Jean-Claude Van Damme,1025,member,"[300, 1000000)"
290,Lisa Bonet,1026,member,"[300, 1000000)"
291,Matt Dillon,1027,member,"[300, 1000000)"
292,Matthew Gray Gubler,1040,member,"[300, 1000000)"
293,Marg Helgenberger,1043,member,"[300, 1000000)"
294,Jonathan Rhys Meyers,1055,member,"[300, 1000000)"
295,Lacey Chabert,1060,member,"[300, 1000000)"
296,Jeffrey Tambor,1063,member,"[300, 1000000)"
297,Valerie Harper,1093,member,"[300, 1000000)"
298,Susan Lucci,1096,member,"[300, 1000000)"
299,Catherine Bell,1096,member,"[300, 1000000)"
300,Candace Cameron Bure,1101,member,"[300, 1000000)"
301,Danny Glover,1108,member,"[300, 1000000)"
302,Andy Garcia,1121,member,"[300, 1000000)"
303,Geena Davis,1122,member,"[300, 1000000)"
304,Neve Campbell,1132,member,"[300, 1000000)"
305,J.K. Simmons,1142,member,"[300, 1000000)"
306,Ed Harris,1161,member,"[300, 1000000)"
307,Margaret Cho,1162,member,"[300, 1000000)"
308,McKayla Maroney,1221,member,"[300, 1000000)"
309,Emile Hirsch,1234,member,"[300, 1000000)"
310,Eliza Dushku,1236,member,"[300, 1000000)"
311,Summer Glau,1243,member,"[300, 1000000)"
312,Benicio Del Toro,1288,member,"[300, 1000000)"
313,Danny Trejo,1297,member,"[300, 1000000)"
314,Martin Sheen,1301,member,"[300, 1000000)"
315,Julie Benz,1303,member,"[300, 1000000)"
316,Peter Sarsgaard,1313,member,"[300, 1000000)"
317,Diego Luna,1333,member,"[300, 1000000)"
318,Robert Duvall,1337,member,"[300, 1000000)"
319,Patricia Arquette,1339,member,"[300, 1000000)"
320,Christian Slater,1353,member,"[300, 1000000)"
321,Edie Falco,1353,member,"[300, 1000000)"
322,Fran Drescher,1357,member,"[300, 1000000)"
323,Jason Biggs,1367,member,"[300, 1000000)"
324,Hayden Christensen,1373,member,"[300, 1000000)"
325,Geoffrey Rush,1375,member,"[300, 1000000)"
326,Melissa Benoist,1382,member,"[300, 1000000)"
327,Christopher Lloyd,1383,member,"[300, 1000000)"
328,Eric Dane,1394,member,"[300, 1000000)"
329,John Malkovich,1434,member,"[300, 1000000)"
330,Milo Ventimiglia,1449,member,"[300, 1000000)"
331,Michael Weatherly,1459,member,"[300, 1000000)"
332,Jane Krakowski,1459,member,"[300, 1000000)"
333,David Cross,1474,member,"[300, 1000000)"
334,Jackson Rathbone,1485,member,"[300, 1000000)"
335,Kristin Davis,1507,member,"[300, 1000000)"
336,Miranda Cosgrove,1518,member,"[300, 1000000)"
337,Hugo Weaving,1538,member,"[300, 1000000)"
338,Karl Urban,1543,member,"[300, 1000000)"
339,Shannen Doherty,1555,member,"[300, 1000000)"
340,Angie Harmon,1588,member,"[300, 1000000)"
341,Jon Voight,1589,member,"[300, 1000000)"
342,Marcia Cross,1598,member,"[300, 1000000)"
343,Roseanne Barr,1613,member,"[300, 1000000)"
344,Morena Baccarin,1620,member,"[300, 1000000)"
345,Farrah Fawcett,1658,member,"[300, 1000000)"
346,John Cleese,1666,member,"[300, 1000000)"
347,Kris Kristofferson,1683,member,"[300, 1000000)"
348,Harry Connick Jr.,1693,member,"[300, 1000000)"
349,Judith Light,1694,member,"[300, 1000000)"
350,Calista Flockhart,1703,member,"[300, 1000000)"
351,Adam Brody,1704,member,"[300, 1000000)"
352,Aaron Eckhart,1705,member,"[300, 1000000)"
353,Justin Long,1722,member,"[300, 1000000)"
354,Bill Nighy,1756,member,"[300, 1000000)"
355,Sam Rockwell,1768,member,"[300, 1000000)"
356,Jason Lee,1769,member,"[300, 1000000)"
357,Mike Myers,1779,member,"[300, 1000000)"
358,Josh Hartnett,1784,member,"[300, 1000000)"
359,Richard Madden,1788,member,"[300, 1000000)"
360,Sean Bean,1835,member,"[300, 1000000)"
361,Martin Lawrence,1838,member,"[300, 1000000)"
362,Allison Janney,1838,member,"[300, 1000000)"
363,John Cusack,1864,member,"[300, 1000000)"
364,James Marsden,1915,member,"[300, 1000000)"
365,David Schwimmer,1932,member,"[300, 1000000)"
366,Audra McDonald,1933,member,"[300, 1000000)"
367,Jeremy Irons,1945,member,"[300, 1000000)"
368,Paul Bettany,1949,member,"[300, 1000000)"
369,David Boreanaz,1954,member,"[300, 1000000)"
370,Casey Affleck,1959,member,"[300, 1000000)"
371,Kim Cattrall,1968,member,"[300, 1000000)"
372,Christopher Reeve,1973,member,"[300, 1000000)"
373,Ben Kingsley,1997,member,"[300, 1000000)"
374,Billy Bob Thornton,2001,member,"[300, 1000000)"
375,Teri Hatcher,2068,member,"[300, 1000000)"
376,Matt LeBlanc,2074,member,"[300, 1000000)"
377,Laurence Fishburne,2080,member,"[300, 1000000)"
378,Helen Hunt,2097,member,"[300, 1000000)"
379,George Lopez,2106,member,"[300, 1000000)"
380,Patrick Swayze,2112,member,"[300, 1000000)"
381,Lori Loughlin,2134,member,"[300, 1000000)"
382,Mayim Bialik,2154,member,"[300, 1000000)"
383,Andy Serkis,2174,member,"[300, 1000000)"
384,Bill Hader,2191,member,"[300, 1000000)"
385,Burt Reynolds,2239,member,"[300, 1000000)"
386,Stana Katic,2249,member,"[300, 1000000)"
387,Portia de Rossi,2258,member,"[300, 1000000)"
388,Adrien Brody,2277,member,"[300, 1000000)"
389,Alan Rickman,2277,member,"[300, 1000000)"
390,Felicity Huffman,2281,member,"[300, 1000000)"
391,Emily Deschanel,2316,member,"[300, 1000000)"
392,Jennie Garth,2365,member,"[300, 1000000)"
393,Matthew Broderick,2383,member,"[300, 1000000)"
394,Joan Collins,2451,member,"[300, 1000000)"
395,Lisa Kudrow,2454,member,"[300, 1000000)"
396,Don Cheadle,2465,member,"[300, 1000000)"
397,Clive Owen,2482,member,"[300, 1000000)"
398,Heather Locklear,2488,member,"[300, 1000000)"
399,Jet Li,2514,member,"[300, 1000000)"
400,Jensen Ackles,2532,member,"[300, 1000000)"
401,Carmen Electra,2553,member,"[300, 1000000)"
402,Jesse Eisenberg,2569,member,"[300, 1000000)"
403,Jared Padalecki,2626,member,"[300, 1000000)"
404,Tobey Maguire,2661,member,"[300, 1000000)"
405,Elijah Wood,2699,member,"[300, 1000000)"
406,Rupert Grint,2721,member,"[300, 1000000)"
407,America Ferrera,2722,member,"[300, 1000000)"
408,Simon Pegg,2776,member,"[300, 1000000)"
409,Matthew Perry,2816,member,"[300, 1000000)"
410,Alyson Hannigan,2881,member,"[300, 1000000)"
411,Gary Oldman,2904,member,"[300, 1000000)"
412,Christina Applegate,2911,member,"[300, 1000000)"
413,Philip Seymour Hoffman,2922,member,"[300, 1000000)"
414,Sally Field,2928,member,"[300, 1000000)"
415,Kirstie Alley,2957,member,"[300, 1000000)"
416,Dustin Hoffman,3036,member,"[300, 1000000)"
417,Glenn Close,3038,member,"[300, 1000000)"
418,Ethan Hawke,3040,member,"[300, 1000000)"
419,Sarah Hyland,3107,member,"[300, 1000000)"
420,Ryan Phillippe,3108,member,"[300, 1000000)"
421,Julia Louis-Dreyfus,3181,member,"[300, 1000000)"
422,Liev Schreiber,3184,member,"[300, 1000000)"
423,Dianna Agron,3247,member,"[300, 1000000)"
424,Patrick Dempsey,3310,member,"[300, 1000000)"
425,Jason Sudeikis,3311,member,"[300, 1000000)"
426,Jamie Lee Curtis,3333,member,"[300, 1000000)"
427,Daniel Day-Lewis,3368,member,"[300, 1000000)"
428,Hugh Grant,3395,member,"[300, 1000000)"
429,Jerry Seinfeld,3398,member,"[300, 1000000)"
430,Ian McKellen,3413,member,"[300, 1000000)"
431,Kathy Griffin,3460,member,"[300, 1000000)"
432,Kiefer Sutherland,3472,member,"[300, 1000000)"
433,Norman Reedus,3487,member,"[300, 1000000)"
434,Kristin Chenoweth,3490,member,"[300, 1000000)"
435,Jaden Smith,3527,member,"[300, 1000000)"
436,Jason Bateman,3529,member,"[300, 1000000)"
437,Gillian Anderson,3533,member,"[300, 1000000)"
438,Julianna Margulies,3559,member,"[300, 1000000)"
439,James McAvoy,3604,member,"[300, 1000000)"
440,Julie Bowen,3628,member,"[300, 1000000)"
441,Jack Nicholson,3691,member,"[300, 1000000)"
442,Owen Wilson,3828,member,"[300, 1000000)"
443,Victoria Justice,3849,member,"[300, 1000000)"
444,Joshua Jackson,3926,member,"[300, 1000000)"
445,Kevin Bacon,3980,member,"[300, 1000000)"
446,Josh Brolin,3991,member,"[300, 1000000)"
447,Debra Messing,4050,member,"[300, 1000000)"
448,Anthony Hopkins,4137,member,"[300, 1000000)"
449,Joe Manganiello,4147,member,"[300, 1000000)"
450,Kevin Costner,4230,member,"[300, 1000000)"
451,John Krasinski,4272,member,"[300, 1000000)"
452,David Duchovny,4372,member,"[300, 1000000)"
453,Kellan Lutz,4374,member,"[300, 1000000)"
454,Sarah Michelle Gellar,4415,member,"[300, 1000000)"
455,Mark Ruffalo,4421,member,"[300, 1000000)"
456,Richard Gere,4428,member,"[300, 1000000)"
457,Jane Lynch,4431,member,"[300, 1000000)"
458,Joaquin Phoenix,4437,member,"[300, 1000000)"
459,Josh Duhamel,4460,member,"[300, 1000000)"
460,Ashley Benson,4603,member,"[300, 1000000)"
461,Colin Farrell,4725,member,"[300, 1000000)"
462,Jonah Hill,4768,member,"[300, 1000000)"
463,Samuel L. Jackson,4787,member,"[300, 1000000)"
464,Steve Carell,4802,member,"[300, 1000000)"
465,Mel Gibson,4806,member,"[300, 1000000)"
466,Ewan McGregor,4832,member,"[300, 1000000)"
467,Robert Redford,4907,member,"[300, 1000000)"
468,Jennifer Love Hewitt,4953,member,"[300, 1000000)"
469,Nicolas Cage,4972,member,"[300, 1000000)"
470,Chris Rock,4976,member,"[300, 1000000)"
471,Pamela Anderson,5005,member,"[300, 1000000)"
472,Jude Law,5006,member,"[300, 1000000)"
473,Pierce Brosnan,5357,member,"[300, 1000000)"
474,Jason Statham,5379,member,"[300, 1000000)"
475,Kit Harington,5429,member,"[300, 1000000)"
476,Ben Stiller,5544,member,"[300, 1000000)"
477,Shia LaBeouf,5733,member,"[300, 1000000)"
478,Alyssa Milano,5769,member,"[300, 1000000)"
479,Russell Crowe,5783,member,"[300, 1000000)"
480,Al Pacino,5818,member,"[300, 1000000)"
481,Heath Ledger,5994,member,"[300, 1000000)"
482,Jackie Chan,6008,member,"[300, 1000000)"
483,Jim Carrey,6155,member,"[300, 1000000)"
484,Gerard Butler,6155,member,"[300, 1000000)"
485,Seth Rogen,6245,member,"[300, 1000000)"
486,Bill Cosby,6253,member,"[300, 1000000)"
487,Adam Sandler,6324,member,"[300, 1000000)"
488,Colin Firth,6355,member,"[300, 1000000)"
489,Antonio Banderas,6426,member,"[300, 1000000)"
490,January Jones,6673,member,"[300, 1000000)"
491,Robert De Niro,6699,member,"[300, 1000000)"
492,Michael Douglas,6713,member,"[300, 1000000)"
493,Kaley Cuoco,7032,member,"[300, 1000000)"
494,John Travolta,7079,member,"[300, 1000000)"
495,Jamie Foxx,7167,member,"[300, 1000000)"
496,Denzel Washington,7216,member,"[300, 1000000)"
497,Woody Allen,7280,member,"[300, 1000000)"
498,Taylor Lautner,7403,member,"[300, 1000000)"
499,Jon Hamm,7463,member,"[300, 1000000)"
500,Courteney Cox,7673,member,"[300, 1000000)"
501,Bill Murray,7956,member,"[300, 1000000)"
502,Keanu Reeves,8108,member,"[300, 1000000)"
503,Christian Bale,8115,member,"[300, 1000000)"
504,Paul Walker,8153,member,"[300, 1000000)"
505,Alec Baldwin,8313,member,"[300, 1000000)"
506,Bruce Willis,8319,member,"[300, 1000000)"
507,Chris Evans,8907,member,"[300, 1000000)"
508,Tina Fey,8946,member,"[300, 1000000)"
509,Zooey Deschanel,9025,member,"[300, 1000000)"
510,Charlie Sheen,9160,member,"[300, 1000000)"
511,Jake Gyllenhaal,9267,member,"[300, 1000000)"
512,Mark Wahlberg,9308,member,"[300, 1000000)"
513,Daniel Radcliffe,9372,member,"[300, 1000000)"
514,Dwayne Johnson,9700,member,"[300, 1000000)"
515,Orlando Bloom,10005,member,"[300, 1000000)"
516,Robin Williams,10075,member,"[300, 1000000)"
517,Arnold Schwarzenegger,10103,member,"[300, 1000000)"
518,Lea Michele,10353,member,"[300, 1000000)"
519,Harrison Ford,10497,member,"[300, 1000000)"
520,Mila Kunis,10725,member,"[300, 1000000)"
521,Ellen DeGeneres,10746,member,"[300, 1000000)"
522,Clint Eastwood,10884,member,"[300, 1000000)"
523,Daniel Craig,10893,member,"[300, 1000000)"
524,Ashton Kutcher,10894,member,"[300, 1000000)"
525,Matthew McConaughey,11042,member,"[300, 1000000)"
526,Channing Tatum,11468,member,"[300, 1000000)"
527,James Franco,11598,member,"[300, 1000000)"
528,Jessica Biel,11651,member,"[300, 1000000)"
529,Robert Downey Jr.,12612,member,"[300, 1000000)"
530,Eva Longoria,13164,member,"[300, 1000000)"
531,Ryan Reynolds,13860,member,"[300, 1000000)"
532,Tom Hanks,14555,member,"[300, 1000000)"
533,Ryan Gosling,14676,member,"[300, 1000000)"
534,Bradley Cooper,14716,member,"[300, 1000000)"
535,Hugh Jackman,15260,member,"[300, 1000000)"
536,Leonardo DiCaprio,15294,member,"[300, 1000000)"
537,Matt Damon,16190,member,"[300, 1000000)"
538,Jimmy Fallon,18671,member,"[300, 1000000)"
539,George Clooney,21764,member,"[300, 1000000)"
540,Justin Timberlake,21886,member,"[300, 1000000)"
541,Anne Hathaway,22155,member,"[300, 1000000)"
542,Ben Affleck,23038,member,"[300, 1000000)"
543,Selena Gomez,24778,member,"[300, 1000000)"
544,Johnny Depp,27342,member,"[300, 1000000)"
545,Brad Pitt,30524,member,"[300, 1000000)"
546,Robert Pattinson,31238,member,"[300, 1000000)"
547,Jennifer Aniston,36981,member,"[300, 1000000)"
